{
    "mean-line": {
        "phi": 0.8,
        "psi": 1.6,
        "Lam": 0.5,
        "Al1": 0.0,
        "Ma2": 0.65,
        "eta": 0.9350101191309189,
        "ga": 1.33,
        "loss_rat": 0.6
    },
    "bcond": {
        "To1": 1600.0,
        "Po1": 1600000.0,
        "rgas": 287.14,
        "Omega": 314.159
    },
    "3d": {
        "htr": 0.9,
        "Re": 4000000.0,
        "Co": [
            0.7,
            0.7
        ],
        "cx_rat": 1.0
    },
    "mesh": {
        "resolution": 1,
        "dx_c": [
            1.0,
            1.0,
            1.5
        ],
        "min_Rins": 0.0,
        "recamber": [
            0.0,
            -1.5495793743119584,
            0.0,
            -0.6529535719699288
        ],
        "tte": 0.015,
        "stag": [
            38.75664797511369,
            -32.799704542743875
        ],
        "Aflat": [
            0.36,
            0.3,
            0.4,
            0.36,
            0.3,
            0.4,
            0.36,
            0.3,
            0.4,
            0.36,
            0.3,
            0.4
        ],
        "shape_A": [
            2,
            2,
            3
        ]
    },
    "run": {
        "guess_file": "/rds/project/gp10006/rds-gp10006-pullan-mhi/jb753/turbigen/run/mean-line/787477769121/output.hdf5",
        "rtol": 0.05,
        "ilos": 2,
        "resid": 1.0,
        "nchange": 0
    }
}
